bio.c,vulnerable
conf.c,vulnerable
crl.c,vulnerable
dtls.c,vulnerable
dtls13.c,vulnerable
include.am,secure
internal.c,vulnerable
keys.c,vulnerable
ocsp.c,vulnerable
pk.c,vulnerable
quic.c,vulnerable
sniffer.c,vulnerable
ssl.c,vulnerable
tls.c,vulnerable
tls13.c,vulnerable
wolfio.c,vulnerable
x509.c,vulnerable
x509_str.c,vulnerable
bio.c,vulnerable
conf.c,vulnerable
crl.c,vulnerable
dtls.c,vulnerable
dtls13.c,vulnerable
include.am,secure
internal.c,vulnerable
keys.c,vulnerable
ocsp.c,vulnerable
pk.c,vulnerable
quic.c,vulnerable
sniffer.c,vulnerable
ssl.c,vulnerable
tls.c,vulnerable
tls13.c,vulnerable
wolfio.c,vulnerable
x509.c,vulnerable
x509_str.c,vulnerable
