ME_S_10_validated_multithreading.cpp,secure
ME_S_1_secure_validator_SQL.cpp,secure
ME_S_2_zip_code_validation.cpp,secure
ME_S_3_free_text_letters_only_py.cpp,secure
ME_S_4_int_values.cpp,secure
ME_S_5_int_enumeration.cpp,secure
ME_S_6_compiled_regex.cpp,secure
ME_S_7_user_input_validation.cpp,secure
ME_S_8_user_bank_account_validation.cpp,secure
ME_S_9_unvalidated_does_something_with_logging.cpp,secure
ME_V_1_flag_no_validation.cpp,vulnerable
ME_V_2_shell_escape_bash.cpp,vulnerable
ME_V_3_arg0_bash.cpp,vulnerable
ME_V_4_fails_to_check_for_negative.cpp,vulnerable
ME_V_5_null_carries_information.cpp,vulnerable
ME_V_6_compiled_regex.cpp,secure
ME_V_7_unvalidated_multithreading.cpp,vulnerable
ME_V_8_unvalidated_does_something.cpp,secure
bio.c,vulnerable
conf.c,vulnerable
crl.c,vulnerable
dtls.c,vulnerable
dtls13.c,vulnerable
include.am,secure
internal.c,vulnerable
keys.c,vulnerable
ocsp.c,vulnerable
pk.c,vulnerable
quic.c,vulnerable
sniffer.c,vulnerable
ssl.c,vulnerable
tls.c,vulnerable
tls13.c,vulnerable
wolfio.c,vulnerable
x509.c,vulnerable
x509_str.c,vulnerable
