ME_sql_injection_negative.cs,vulnerable
ME_sql_injection_positive.cs,vulnerable
ME_sql_injection_negative.cs,vulnerable
ME_sql_injection_positive.cs,vulnerable
ME_sql_injection_negative.cs,vulnerable
ME_sql_injection_positive.cs,vulnerable
ME_sql_injection_negative.cs,vulnerable
ME_sql_injection_positive.cs,vulnerable
ME_sql_injection_negative.cs,vulnerable
ME_sql_injection_positive.cs,vulnerable
ME_sql_injection_negative.cs,vulnerable
ME_sql_injection_positive.cs,vulnerable
ME_sql_injection_negative.cs,vulnerable
ME_sql_injection_positive.cs,vulnerable
ME_sql_injection_negative.cs,secure
ME_sql_injection_positive.cs,secure
ME_sql_injection_negative.cs,secure
ME_sql_injection_positive.cs,vulnerable
bio.c,vulnerable
conf.c,vulnerable
crl.c,vulnerable
bio.c,vulnerable
conf.c,vulnerable
crl.c,vulnerable
dtls.c,vulnerable
dtls13.c,vulnerable
include.am,vulnerable
internal.c,vulnerable
keys.c,vulnerable
ocsp.c,vulnerable
pk.c,vulnerable
quic.c,vulnerable
sniffer.c,vulnerable
bio.c,vulnerable
conf.c,vulnerable
